"59796f46-a2ca-11e5-990e-6c71d922e560","Ebony Deckow","
                    TRUE
                  ","Ut voluptatum ex occaecati. ","2015-03-27 11:22:47 UTC ","2015-10-31 08:22:47 UTC","2015-12-15 01:22:47 UTC","
                    ✎
                    ✖
                  "
"55d8583e-a2ca-11e5-990e-6c71d922e560","Margarett Sanford","
                    TRUE
                  ","Voluptatem sint aspernatur non. ","2011-04-17 00:22:41 UTC ","2015-10-28 21:22:41 UTC","2015-12-15 01:22:41 UTC","
                    ✎
                    ✖
                  "
"5e5ac884-a2ca-11e5-990e-6c71d922e560","Lucas O'Reilly","
                    TRUE
                  ","Nemo ipsam doloribus suscipit sed porro explicabo nihil. ","2015-12-15 01:21:32 UTC ","2015-10-24 04:22:55 UTC","2015-12-15 01:22:55 UTC","
                    ✎
                    ✖
                  "
"3f49456a-a2ca-11e5-990e-6c71d922e560","Gladys Moore","
                    FALSE
                  ","Earum sit est voluptatem. ","2015-12-15 01:21:32 UTC ","2015-10-19 14:22:03 UTC","2015-12-15 01:22:03 UTC","
                    ✎
                    ✖
                  "
"530e95e6-a2ca-11e5-990e-6c71d922e560","Zakary Smith","
                    FALSE
                  ","Nisi facere nobis saepe ipsam pariatur aliquid molestiae. ","2008-07-21 17:22:37 UTC ","2015-10-16 09:22:37 UTC","2015-12-15 01:22:37 UTC","
                    ✎
                    ✖
                  "
"5c172676-a2ca-11e5-990e-6c71d922e560","Donavon Jacobs PhD","
                    FALSE
                  ","Sit qui quasi quod consequuntur doloremque optio. ","2013-09-09 15:22:52 UTC ","2015-10-16 07:22:52 UTC","2015-12-15 01:22:52 UTC","
                    ✎
                    ✖
                  "
"5853f4ba-a2ca-11e5-990e-6c71d922e560","Natalie Yost","
                    TRUE
                  ","Doloribus aut amet aut officiis. ","2007-11-03 06:22:45 UTC ","2015-10-13 13:22:45 UTC","2015-12-15 01:22:45 UTC","
                    ✎
                    ✖
                  "
"5e6bce68-a2ca-11e5-990e-6c71d922e560","Lucas O'Reilly","
                    TRUE
                  ","Ab ea quia accusamus quae ut voluptas reprehenderit provident. ","2015-12-15 01:21:32 UTC ","2015-10-03 22:22:56 UTC","2015-12-15 01:22:56 UTC","
                    ✎
                    ✖
                  "
"45e0835c-a2ca-11e5-990e-6c71d922e560","Judson Schmitt","
                    TRUE
                  ","Perferendis occaecati quis nemo autem aut corporis cum officia. ","2015-12-15 01:21:32 UTC ","2015-09-08 00:22:14 UTC","2015-12-15 01:22:14 UTC","
                    ✎
                    ✖
                  "
"5b450ac4-a2ca-11e5-990e-6c71d922e560","Fabian Collins Sr.","
                    TRUE
                  ","Fugit minima officia voluptatibus dignissimos provident. ","2012-12-09 00:22:50 UTC ","2015-08-25 01:22:50 UTC","2015-12-15 01:22:50 UTC","
                    ✎
                    ✖
                  "